category,people_affected,location_type,weather_condition,urgency_level
Education,12,urban,clear,Low
Education,25,urban,storm,Critical
Education,40,rural,rain,Low
Education,60,urban,heatwave,Medium
Education,80,urban,clear,High
Education,120,rural,storm,Critical
Education,150,rural,storm,Critical
Education,30,rural,rain,Low
Education,55,rural,storm,Critical
Education,90,urban,heatwave,High
Education,110,urban,clear,High
Education,10,urban,rain,Low
Education,20,rural,clear,Low
Education,35,urban,rain,Low
Education,45,rural,rain,Medium
Education,65,rural,clear,Medium
Education,85,urban,storm,Critical
Education,105,rural,rain,High
Education,130,rural,clear,High
Education,15,urban,rain,Low
Education,22,rural,heatwave,Low
Education,38,rural,heatwave,Low
Education,48,urban,storm,Critical
Education,70,rural,storm,Critical
Education,95,urban,storm,Critical
Education,140,urban,storm,Critical
Education,18,urban,clear,Low
Education,28,rural,rain,Low
Education,42,urban,storm,Critical
Education,58,rural,storm,Critical
Education,78,urban,heatwave,High
Education,115,rural,storm,Critical
Education,135,rural,rain,High
Education,16,urban,clear,Low
Education,26,rural,heatwave,Low
Education,44,rural,storm,Critical
Education,62,rural,heatwave,Medium
Education,82,rural,rain,High
Education,125,urban,storm,Critical
Education,145,urban,heatwave,High
Education,14,rural,clear,Low
Education,24,rural,storm,Critical
Education,36,urban,rain,Low
Education,50,rural,storm,Critical
Education,72,urban,clear,High
Education,100,rural,rain,High
Education,120,urban,rain,High
Education,19,urban,clear,Low
Education,29,rural,storm,Critical
Education,46,rural,clear,Medium
Education,64,urban,storm,Critical
Education,88,rural,heatwave,High
Education,118,urban,heatwave,High
Education,138,rural,heatwave,High
Education,13,urban,rain,Low
Education,23,urban,heatwave,Low
Education,39,urban,clear,Low
Education,52,urban,rain,Medium
Education,76,rural,clear,High
Education,108,urban,rain,High
Education,132,urban,storm,Critical
Education,17,urban,storm,Critical
Education,27,urban,heatwave,Low
Education,41,rural,clear,Medium
Education,59,rural,storm,Critical
Education,79,urban,heatwave,High
Education,112,rural,heatwave,High
Education,142,urban,heatwave,High
Education,11,rural,storm,Critical
Education,21,rural,rain,Low
Education,37,rural,rain,Low
Education,49,urban,rain,Medium
Education,69,rural,heatwave,Medium
Education,99,rural,storm,Critical
Education,129,urban,storm,Critical
Education,33,rural,clear,Low
Education,47,urban,storm,Critical
Education,63,urban,heatwave,Medium
Education,83,rural,clear,High
Education,103,rural,heatwave,High
Education,123,urban,storm,Critical
Education,143,urban,rain,High
Education,34,urban,storm,Critical
Education,51,rural,storm,Critical
Education,67,rural,rain,Medium
Education,87,rural,clear,High
Education,107,urban,clear,High
Education,127,rural,heatwave,High
Education,147,rural,clear,High
Education,31,urban,rain,Low
Education,53,urban,storm,Critical
Education,73,urban,storm,Critical
Education,93,urban,heatwave,High
Education,113,urban,heatwave,High
Education,133,urban,storm,Critical
Education,153,urban,heatwave,Critical
Education,32,urban,rain,Low
Education,54,urban,rain,Medium
Education,74,urban,heatwave,High
Education,94,rural,storm,Critical
Education,114,rural,clear,High
Education,134,urban,clear,High
Education,154,urban,rain,Critical
Education,35,urban,rain,Low
Education,56,urban,rain,Medium
Education,75,urban,clear,High
Education,96,rural,heatwave,High
Education,116,rural,storm,Critical
Education,136,urban,rain,High
Education,156,rural,clear,Critical
Education,36,rural,storm,Critical
Education,57,rural,rain,Medium
Education,77,urban,rain,High
Education,97,rural,rain,High
Education,117,urban,rain,High
Education,137,rural,heatwave,High
Education,157,rural,heatwave,Critical
Education,37,urban,rain,Low
Education,58,rural,rain,Medium
Education,78,rural,storm,Critical
Education,98,urban,clear,High
Education,118,rural,rain,High
Education,138,rural,storm,Critical
Education,158,urban,clear,Critical
Education,38,rural,clear,Low
Education,59,rural,heatwave,Medium
Education,79,urban,heatwave,High
Education,99,rural,clear,High
Education,119,urban,storm,Critical
Education,139,rural,clear,High
Education,159,urban,storm,Critical
Education,39,urban,rain,Low
Education,60,urban,storm,Critical
Education,80,rural,storm,Critical
Education,100,urban,storm,Critical
Education,120,urban,heatwave,High
Education,140,rural,storm,Critical
Education,160,rural,clear,Critical
Education,40,urban,heatwave,Low
Education,61,rural,rain,Medium
Education,81,rural,clear,High
Education,101,urban,heatwave,High
Education,121,urban,clear,High
Education,141,urban,heatwave,High
Education,161,rural,rain,Critical
Education,41,rural,storm,Critical
Education,62,urban,clear,Medium
Education,82,urban,clear,High
Education,102,rural,clear,High
Education,122,urban,clear,High
Education,142,urban,rain,High
Education,162,urban,heatwave,Critical
Education,42,rural,clear,Medium
Education,63,rural,storm,Critical
Education,83,rural,heatwave,High
Education,103,rural,storm,Critical
Education,123,rural,rain,High
Education,143,urban,storm,Critical
Education,163,urban,rain,Critical
Education,43,urban,storm,Critical
Education,64,rural,rain,Medium
Education,84,urban,clear,High
Education,104,rural,clear,High
Education,124,urban,rain,High
Education,144,rural,rain,High
Education,164,rural,rain,Critical
Education,44,rural,storm,Critical
Education,65,rural,clear,Medium
Education,85,rural,storm,Critical
Education,105,urban,clear,High
Education,125,urban,heatwave,High
Education,145,rural,rain,High
Education,165,rural,heatwave,Critical
Education,45,rural,storm,Critical
Education,66,urban,clear,Medium
Education,86,urban,rain,High
Education,106,urban,rain,High
Education,126,rural,rain,High
Education,146,urban,heatwave,High
Education,166,urban,clear,Critical
Education,46,urban,heatwave,Medium
Education,67,rural,rain,Medium
Education,87,rural,heatwave,High
Education,107,urban,storm,Critical
Education,127,urban,storm,Critical
Education,147,urban,clear,High
Education,167,rural,clear,Critical
Education,47,rural,rain,Medium
Education,68,rural,rain,Medium
Education,88,rural,heatwave,High
Education,108,rural,storm,Critical
Education,128,rural,rain,High
Education,148,rural,heatwave,High
Education,168,rural,rain,Critical
Education,48,urban,heatwave,Medium
Education,69,urban,rain,Medium
Education,89,urban,rain,High
Education,109,urban,storm,Critical
Education,129,rural,storm,Critical
Education,149,rural,storm,Critical
Education,169,urban,rain,Critical
Education,49,rural,rain,Medium
Education,70,urban,clear,Medium
Education,90,urban,clear,High
Education,110,rural,clear,High
Education,130,rural,clear,High
Education,150,rural,clear,High
Education,170,urban,storm,Critical
Rescue,53,rural,rain,Medium
Water,88,rural,storm,Critical
Food,252,urban,storm,Critical
Rescue,5,urban,rain,Low
Food,8,urban,rain,Low
Logistics,77,urban,clear,High
Shelter,267,rural,rain,Critical
Food,66,rural,clear,Medium
Medical,282,urban,clear,Critical
Medical,6,urban,rain,Low
Logistics,98,rural,rain,High
Logistics,91,urban,heatwave,High
Medical,24,urban,rain,Low
Food,12,rural,storm,Critical
Water,206,rural,heatwave,Critical
Food,168,urban,rain,Critical
Water,146,rural,rain,High
Logistics,268,urban,clear,Critical
Water,119,rural,storm,Critical
Rescue,130,urban,clear,High
Water,245,rural,clear,Critical
Shelter,119,urban,rain,High
Water,87,urban,clear,High
Food,234,urban,storm,Critical
Rescue,117,rural,rain,High
Rescue,252,urban,heatwave,Critical
Logistics,274,rural,storm,Critical
Medical,15,rural,heatwave,Low
Rescue,165,urban,storm,Critical
Logistics,247,rural,rain,Critical
Medical,32,urban,clear,Low
Water,170,urban,storm,Critical
Rescue,80,rural,storm,Critical
Rescue,254,rural,rain,Critical
Water,124,rural,heatwave,High
Shelter,77,rural,storm,Critical
Water,120,rural,clear,High
Rescue,158,rural,storm,Critical
Rescue,226,rural,storm,Critical
Water,118,rural,rain,High
Water,238,rural,storm,Critical
Logistics,92,rural,storm,Critical
Water,130,rural,clear,High
Medical,157,urban,heatwave,Critical
Medical,161,rural,rain,Critical
Shelter,200,urban,clear,Critical
Water,213,rural,heatwave,Critical
Shelter,13,rural,clear,Low
Medical,48,urban,clear,Medium
Shelter,133,rural,heatwave,High
Rescue,8,rural,storm,Critical
Water,135,urban,clear,High
Logistics,268,rural,heatwave,Critical
Rescue,102,urban,heatwave,High
Water,177,urban,rain,Critical
Food,270,rural,heatwave,Critical
Medical,300,urban,storm,Critical
Logistics,104,rural,clear,High
Medical,133,rural,rain,High
Logistics,16,rural,clear,Low
Food,120,urban,storm,Critical
Medical,9,rural,storm,Critical
Rescue,156,urban,rain,Critical
Logistics,127,rural,rain,High
Water,236,rural,rain,Critical
Logistics,284,rural,clear,Critical
Medical,276,urban,heatwave,Critical
Food,162,urban,heatwave,Critical
Food,73,rural,rain,High
Shelter,199,urban,rain,Critical
Water,229,urban,heatwave,Critical
Logistics,199,urban,clear,Critical
Medical,260,urban,rain,Critical
Shelter,300,rural,heatwave,Critical
Shelter,220,rural,heatwave,Critical
Medical,64,rural,clear,Medium
Water,65,urban,rain,Medium
Water,238,urban,rain,Critical
Shelter,290,urban,storm,Critical
Medical,78,rural,clear,High
Shelter,190,urban,heatwave,Critical
Food,241,urban,storm,Critical
Shelter,36,urban,heatwave,Low
Water,137,rural,heatwave,High
Rescue,113,rural,rain,High
Logistics,178,urban,storm,Critical
Food,128,urban,storm,Critical
Medical,193,rural,clear,Critical
Logistics,132,rural,clear,High
Rescue,122,rural,rain,High
Rescue,76,urban,storm,Critical
Shelter,54,rural,heatwave,Medium
Shelter,221,rural,storm,Critical
Rescue,211,urban,rain,Critical
Rescue,219,rural,rain,Critical
Food,16,urban,clear,Low
Water,257,urban,rain,Critical
Food,245,urban,rain,Critical
Food,170,urban,rain,Critical
Logistics,233,urban,heatwave,Critical
Medical,299,urban,clear,Critical
Medical,84,urban,heatwave,High
Medical,188,urban,heatwave,Critical
Medical,165,urban,clear,Critical
Logistics,119,urban,heatwave,High
Shelter,89,urban,storm,Critical
Shelter,190,urban,rain,Critical
Shelter,234,rural,heatwave,Critical
Medical,43,urban,storm,Critical
Water,45,rural,clear,Medium
Shelter,74,urban,storm,Critical
Food,210,urban,clear,Critical
Water,210,urban,heatwave,Critical
Shelter,225,rural,clear,Critical
Food,39,rural,storm,Critical
Water,229,urban,clear,Critical
Rescue,149,rural,clear,High
Rescue,137,urban,rain,High
Food,236,urban,clear,Critical
Logistics,26,urban,rain,Low
Water,140,rural,clear,High
Logistics,87,rural,heatwave,High
Medical,52,rural,rain,Medium
Rescue,167,urban,clear,Critical
Water,86,rural,rain,High
Water,290,rural,storm,Critical
Rescue,9,rural,clear,Low
Food,240,urban,heatwave,Critical
Logistics,204,urban,heatwave,Critical
Food,94,rural,clear,High
Rescue,288,rural,rain,Critical
Logistics,291,rural,heatwave,Critical
Rescue,226,rural,heatwave,Critical
Food,205,rural,storm,Critical
Rescue,154,urban,heatwave,Critical
Food,97,urban,storm,Critical
Shelter,189,rural,storm,Critical
Water,257,urban,heatwave,Critical
Water,175,rural,storm,Critical
Water,111,rural,clear,High
Rescue,101,urban,clear,High
Water,108,urban,clear,High
Shelter,22,urban,clear,Low
Shelter,63,urban,storm,Critical
Shelter,97,rural,clear,High
Shelter,222,urban,clear,Critical
Logistics,274,urban,rain,Critical
Food,179,rural,storm,Critical
Shelter,85,rural,clear,High
Shelter,99,urban,heatwave,High
Shelter,228,urban,heatwave,Critical
Shelter,28,urban,rain,Low
Medical,24,rural,heatwave,Low
Shelter,237,urban,storm,Critical
Shelter,34,urban,storm,Critical
Medical,168,rural,heatwave,Critical
Medical,84,urban,clear,High
Shelter,18,rural,clear,Low
Logistics,213,rural,clear,Critical
Medical,253,urban,heatwave,Critical
Rescue,278,urban,heatwave,Critical
Water,279,rural,storm,Critical
Water,118,urban,rain,High
Food,252,rural,storm,Critical
Rescue,251,rural,rain,Critical
Shelter,106,urban,storm,Critical
Shelter,91,urban,storm,Critical
Food,44,urban,storm,Critical
Food,127,urban,storm,Critical
Water,250,rural,storm,Critical
Water,16,rural,heatwave,Low
Medical,27,urban,storm,Critical
Food,269,rural,storm,Critical
Shelter,163,rural,storm,Critical
Food,84,urban,clear,High
Food,234,rural,clear,Critical
Food,50,urban,clear,Medium
Rescue,206,urban,rain,Critical
Shelter,155,urban,rain,Critical
Medical,284,urban,storm,Critical
Logistics,73,rural,clear,High
Food,14,urban,storm,Critical
Shelter,142,rural,clear,High
Water,269,urban,rain,Critical
Medical,296,rural,clear,Critical
Food,239,rural,clear,Critical
Water,259,rural,clear,Critical
Medical,118,rural,rain,High
Shelter,188,rural,storm,Critical
Rescue,206,rural,storm,Critical
Food,45,urban,clear,Medium
Rescue,252,urban,rain,Critical
Medical,238,urban,storm,Critical
Rescue,165,urban,rain,Critical
Rescue,33,urban,clear,Low
Shelter,7,urban,storm,Critical
Medical,244,rural,clear,Critical
Rescue,282,urban,heatwave,Critical
Water,126,rural,storm,Critical
Food,190,rural,storm,Critical
Water,208,urban,clear,Critical
Medical,97,rural,rain,High
Food,178,urban,rain,Critical
Shelter,202,urban,heatwave,Critical
Shelter,137,urban,rain,High
Rescue,110,rural,clear,High
Rescue,168,urban,storm,Critical
Water,32,rural,storm,Critical
Water,99,rural,heatwave,High
Medical,127,urban,clear,High
Logistics,271,urban,rain,Critical
Logistics,93,rural,storm,Critical
Logistics,57,urban,heatwave,Medium
Medical,83,rural,rain,High
Food,158,rural,clear,Critical
Shelter,186,urban,clear,Critical
Water,122,urban,rain,High
Rescue,106,urban,heatwave,High
Water,193,urban,storm,Critical
Logistics,63,urban,heatwave,Medium
Medical,186,rural,rain,Critical
Food,250,rural,clear,Critical
Water,267,rural,heatwave,Critical
Water,215,rural,clear,Critical
Rescue,299,urban,storm,Critical
Shelter,190,urban,clear,Critical
Medical,240,urban,clear,Critical
Medical,212,urban,heatwave,Critical
Medical,103,rural,storm,Critical
Medical,129,urban,clear,High
Food,8,urban,heatwave,Low
Water,117,urban,rain,High
Food,153,urban,heatwave,Critical
Medical,197,urban,clear,Critical
Rescue,264,urban,heatwave,Critical
Logistics,76,urban,clear,High
Shelter,204,urban,clear,Critical
Medical,238,urban,storm,Critical
Medical,258,rural,storm,Critical
Medical,84,rural,heatwave,High
Food,165,rural,clear,Critical
Food,164,rural,clear,Critical
Logistics,292,urban,rain,Critical
Logistics,169,rural,rain,Critical
Rescue,149,urban,heatwave,High
Shelter,277,urban,clear,Critical
Medical,112,urban,clear,High
Water,184,rural,rain,Critical
Food,72,urban,heatwave,High
Logistics,61,rural,storm,Critical
Rescue,146,rural,clear,High
Water,216,rural,storm,Critical
Rescue,107,rural,rain,High
Medical,229,rural,storm,Critical
Food,263,rural,heatwave,Critical
Medical,175,urban,clear,Critical
Logistics,148,rural,storm,Critical
Medical,167,urban,clear,Critical
Water,257,rural,rain,Critical
Medical,87,urban,storm,Critical
Food,272,rural,rain,Critical
Logistics,169,urban,rain,Critical
Food,256,urban,clear,Critical
Water,149,urban,rain,High
Shelter,219,rural,storm,Critical
Food,283,rural,clear,Critical
Water,105,rural,clear,High
Medical,196,urban,clear,Critical
Rescue,191,rural,clear,Critical
Food,129,rural,rain,High
Food,218,urban,storm,Critical
Food,93,urban,storm,Critical
Water,89,rural,clear,High
Medical,128,urban,clear,High
Water,225,urban,heatwave,Critical
Rescue,279,rural,rain,Critical
Logistics,281,rural,heatwave,Critical
Shelter,136,rural,clear,High
Food,11,rural,storm,Critical
Shelter,192,urban,storm,Critical
Food,275,rural,clear,Critical
Logistics,137,urban,clear,High
Rescue,173,urban,rain,Critical
Rescue,248,rural,clear,Critical
Water,62,rural,storm,Critical
Shelter,73,rural,clear,High
Water,279,rural,clear,Critical
Logistics,152,urban,heatwave,Critical
Logistics,136,urban,storm,Critical
Shelter,218,urban,storm,Critical
Water,149,rural,clear,High
Shelter,185,rural,storm,Critical
Water,120,rural,clear,High
Rescue,251,rural,clear,Critical
Logistics,232,urban,storm,Critical
Rescue,19,rural,storm,Critical
Logistics,53,rural,storm,Critical
Logistics,64,urban,storm,Critical
Rescue,9,rural,clear,Low
Rescue,280,urban,clear,Critical
Water,167,rural,storm,Critical
Medical,295,rural,clear,Critical
Rescue,37,rural,clear,Low
Logistics,262,rural,clear,Critical
Medical,277,urban,clear,Critical
Rescue,109,rural,heatwave,High
Food,257,rural,clear,Critical
Logistics,42,rural,rain,Medium
Water,6,rural,storm,Critical
Logistics,197,urban,storm,Critical
Water,231,rural,heatwave,Critical
Rescue,82,urban,heatwave,High
Shelter,73,urban,clear,High
Shelter,14,rural,rain,Low
Rescue,229,rural,rain,Critical
Logistics,92,urban,clear,High
Medical,134,rural,rain,High
Water,184,urban,clear,Critical
Rescue,117,rural,storm,Critical
Water,211,rural,clear,Critical
Food,231,urban,heatwave,Critical
Rescue,219,urban,rain,Critical
Medical,273,urban,heatwave,Critical
Shelter,246,urban,rain,Critical
Logistics,219,urban,heatwave,Critical
Medical,247,urban,clear,Critical
Medical,159,rural,clear,Critical
Medical,263,rural,heatwave,Critical
Rescue,192,rural,rain,Critical
Shelter,174,rural,rain,Critical
Food,224,urban,storm,Critical
Rescue,170,urban,storm,Critical
Medical,50,urban,clear,Medium
Shelter,16,urban,clear,Low
Rescue,222,rural,clear,Critical
Water,186,urban,rain,Critical
Rescue,107,urban,heatwave,High
Medical,104,rural,clear,High
Logistics,55,rural,storm,Critical
Water,134,rural,storm,Critical
Water,9,urban,storm,Critical
Medical,209,rural,storm,Critical
Food,198,urban,clear,Critical
Logistics,274,urban,storm,Critical
Logistics,267,rural,rain,Critical
Medical,127,rural,rain,High
Logistics,103,urban,heatwave,High
Food,187,rural,heatwave,Critical
Logistics,75,urban,storm,Critical
Logistics,64,rural,storm,Critical
Logistics,65,rural,heatwave,Medium
Rescue,189,urban,rain,Critical
Shelter,131,rural,rain,High
Logistics,48,rural,storm,Critical
Food,126,rural,storm,Critical
Logistics,265,rural,storm,Critical
Medical,115,urban,clear,High
Shelter,34,rural,storm,Critical
Logistics,81,rural,rain,High
Logistics,205,urban,storm,Critical
Logistics,283,rural,rain,Critical
Logistics,123,rural,heatwave,High
Medical,131,rural,clear,High
Water,215,urban,storm,Critical
Food,24,urban,heatwave,Low
Water,31,urban,heatwave,Low
Food,258,urban,storm,Critical
Water,68,rural,rain,Medium
Logistics,52,rural,heatwave,Medium
Water,223,urban,clear,Critical
Logistics,67,urban,heatwave,Medium
Rescue,52,rural,clear,Medium
Logistics,10,rural,heatwave,Low
Rescue,180,urban,clear,Critical
Rescue,13,urban,clear,Low
Shelter,186,rural,clear,Critical
Rescue,63,urban,heatwave,Medium
Water,76,urban,rain,High
Medical,48,rural,clear,Medium
Food,280,urban,rain,Critical
Food,180,urban,storm,Critical
Food,206,rural,storm,Critical
Logistics,224,rural,clear,Critical
Medical,205,urban,clear,Critical
Water,13,rural,clear,Low
Water,38,rural,storm,Critical
Food,260,urban,heatwave,Critical
Food,166,urban,rain,Critical
Medical,46,rural,storm,Critical
Water,58,rural,clear,Medium
Water,133,urban,heatwave,High
Logistics,248,urban,rain,Critical
Food,79,rural,heatwave,High
Medical,236,rural,clear,Critical
Water,158,rural,rain,Critical
Logistics,54,urban,clear,Medium
Rescue,38,rural,storm,Critical
Food,126,urban,heatwave,High
Water,171,rural,heatwave,Critical
Shelter,283,rural,rain,Critical
Shelter,268,rural,storm,Critical
Rescue,294,rural,storm,Critical
Rescue,206,urban,clear,Critical
Rescue,275,rural,storm,Critical
Water,165,rural,heatwave,Critical
Shelter,64,rural,rain,Medium
Water,204,urban,clear,Critical
Water,252,urban,heatwave,Critical
Shelter,24,urban,clear,Low
Rescue,102,urban,storm,Critical
Water,144,rural,storm,Critical
Medical,279,rural,clear,Critical
Shelter,225,urban,heatwave,Critical
Rescue,273,rural,clear,Critical
Rescue,65,rural,rain,Medium
Food,89,urban,storm,Critical
Water,261,rural,clear,Critical
Logistics,122,rural,rain,High
Logistics,123,rural,heatwave,High
Logistics,266,rural,storm,Critical
Logistics,276,urban,heatwave,Critical
Water,169,rural,storm,Critical
Logistics,225,rural,heatwave,Critical
Rescue,252,rural,storm,Critical
Medical,268,rural,clear,Critical
Medical,161,urban,clear,Critical
Medical,231,urban,rain,Critical
Medical,148,rural,clear,High
Water,79,urban,heatwave,High
Food,135,rural,storm,Critical
Logistics,177,urban,clear,Critical
Shelter,188,rural,heatwave,Critical
Rescue,233,rural,storm,Critical
Shelter,203,urban,heatwave,Critical
Logistics,143,urban,storm,Critical
Food,251,urban,clear,Critical
Rescue,156,urban,clear,Critical
Medical,219,urban,clear,Critical
Shelter,37,rural,clear,Low
Food,179,rural,rain,Critical
Medical,132,rural,heatwave,High
Shelter,56,urban,clear,Medium
Rescue,64,urban,rain,Medium
Water,249,urban,clear,Critical
Shelter,251,rural,heatwave,Critical
Rescue,259,urban,storm,Critical
Medical,168,rural,heatwave,Critical
Shelter,27,urban,clear,Low
Rescue,163,urban,rain,Critical
Rescue,41,urban,heatwave,Medium
Logistics,292,urban,rain,Critical
Food,244,urban,rain,Critical
Rescue,71,urban,storm,Critical
Rescue,126,urban,storm,Critical
Food,105,urban,rain,High
Shelter,73,urban,storm,Critical
Logistics,60,rural,clear,Medium
Medical,234,rural,heatwave,Critical
Medical,77,urban,heatwave,High
Food,64,rural,clear,Medium
Water,233,urban,rain,Critical
Logistics,133,urban,heatwave,High
Food,243,urban,clear,Critical
Food,193,rural,heatwave,Critical
Logistics,116,rural,clear,High
Rescue,101,rural,storm,Critical
Rescue,225,rural,storm,Critical
Water,62,urban,clear,Medium
Rescue,134,urban,rain,High
Logistics,233,urban,storm,Critical
Rescue,77,rural,heatwave,High
Logistics,232,urban,clear,Critical
Shelter,269,rural,heatwave,Critical
Logistics,142,urban,clear,High
Medical,206,rural,storm,Critical
Food,218,rural,clear,Critical
Water,268,urban,rain,Critical
Rescue,220,urban,clear,Critical
Food,217,rural,rain,Critical
Rescue,158,rural,storm,Critical
Logistics,55,rural,clear,Medium
Food,24,urban,storm,Critical
Logistics,220,urban,storm,Critical
Medical,73,urban,rain,High
Shelter,293,urban,rain,Critical
Water,282,rural,storm,Critical
Rescue,157,rural,clear,Critical
Food,77,rural,rain,High
Logistics,184,rural,storm,Critical
Medical,176,urban,heatwave,Critical
Medical,181,urban,storm,Critical
Shelter,72,urban,storm,Critical
Rescue,24,rural,storm,Critical
Rescue,189,rural,rain,Critical
Medical,48,rural,storm,Critical
Logistics,120,rural,heatwave,High
Rescue,28,rural,rain,Low
Shelter,11,rural,heatwave,Low
Water,220,urban,rain,Critical
Medical,176,urban,heatwave,Critical
Food,195,rural,storm,Critical
Rescue,203,urban,rain,Critical
Logistics,28,urban,rain,Low
Water,19,urban,clear,Low
Water,264,urban,storm,Critical
Medical,29,urban,heatwave,Low
Medical,235,rural,storm,Critical
Rescue,272,rural,clear,Critical
Logistics,58,urban,rain,Medium
Water,179,urban,storm,Critical
Water,143,urban,storm,Critical
Medical,129,rural,rain,High
Medical,8,rural,rain,Low
Shelter,10,urban,rain,Low
Logistics,38,rural,clear,Low
Food,58,urban,heatwave,Medium
Food,224,urban,heatwave,Critical
Food,216,urban,heatwave,Critical
Food,208,rural,heatwave,Critical
Medical,45,urban,rain,Medium
Food,232,rural,heatwave,Critical
Rescue,245,urban,clear,Critical
Medical,238,rural,storm,Critical
Logistics,223,rural,rain,Critical
Rescue,228,rural,clear,Critical
Logistics,125,rural,heatwave,High
Logistics,179,urban,storm,Critical
Food,169,rural,clear,Critical
Medical,251,rural,rain,Critical
Shelter,91,urban,rain,High
Water,242,urban,storm,Critical
Water,221,rural,heatwave,Critical
Shelter,258,rural,clear,Critical
Shelter,179,rural,rain,Critical
Logistics,53,urban,rain,Medium
Food,209,rural,heatwave,Critical
Rescue,98,rural,clear,High
Rescue,102,rural,heatwave,High
Rescue,48,urban,heatwave,Medium
Logistics,280,rural,heatwave,Critical
Logistics,268,urban,clear,Critical
Logistics,40,urban,rain,Low
Logistics,231,rural,rain,Critical
Rescue,7,urban,rain,Low
Logistics,254,urban,clear,Critical
Rescue,234,rural,heatwave,Critical
Food,140,rural,heatwave,High
Food,253,urban,heatwave,Critical
Shelter,168,urban,clear,Critical
Rescue,173,rural,storm,Critical
Shelter,87,urban,storm,Critical
Food,224,rural,storm,Critical
Shelter,131,urban,rain,High
Logistics,172,urban,rain,Critical
Food,193,rural,heatwave,Critical
Medical,114,urban,rain,High
Logistics,80,urban,storm,Critical
Shelter,94,rural,heatwave,High
Rescue,300,rural,clear,Critical
Medical,203,rural,storm,Critical
Medical,44,rural,clear,Medium
Logistics,18,urban,storm,Critical
Food,199,urban,rain,Critical
Shelter,146,rural,heatwave,High
Food,271,rural,rain,Critical
Rescue,72,rural,rain,High
Logistics,244,rural,rain,Critical
Medical,212,rural,rain,Critical
Water,99,urban,rain,High
Food,104,urban,clear,High
Water,116,urban,rain,High
Food,45,urban,clear,Medium
Rescue,97,rural,rain,High
Food,140,rural,heatwave,High
Food,167,rural,storm,Critical
Rescue,64,urban,storm,Critical
Medical,110,rural,storm,Critical
Shelter,75,rural,heatwave,High
Food,297,urban,storm,Critical
Food,62,urban,heatwave,Medium
Logistics,49,urban,rain,Medium
Logistics,274,urban,storm,Critical
Rescue,49,rural,storm,Critical
Medical,190,urban,heatwave,Critical
Rescue,125,rural,clear,High
Shelter,79,urban,rain,High
Water,258,rural,clear,Critical
Medical,104,urban,rain,High
Medical,209,rural,rain,Critical
Rescue,200,urban,clear,Critical
Shelter,211,rural,storm,Critical
Water,192,urban,rain,Critical
Medical,58,urban,storm,Critical
Water,100,rural,rain,High
Logistics,212,rural,storm,Critical
Food,193,urban,heatwave,Critical
Logistics,153,rural,clear,Critical
Medical,192,urban,clear,Critical
Shelter,141,urban,heatwave,High
Logistics,142,rural,clear,High
Rescue,95,rural,clear,High
Medical,191,urban,heatwave,Critical
Rescue,239,urban,heatwave,Critical
Food,269,urban,rain,Critical
Medical,61,rural,clear,Medium
Food,183,urban,clear,Critical
Water,167,rural,rain,Critical
Medical,70,urban,clear,Medium
Shelter,215,urban,rain,Critical
Medical,276,urban,clear,Critical
Food,169,rural,rain,Critical
Rescue,250,urban,rain,Critical
Shelter,196,urban,rain,Critical
Shelter,234,rural,storm,Critical
Water,11,urban,clear,Low
Water,291,urban,clear,Critical
Food,217,urban,clear,Critical
Logistics,113,urban,clear,High
Medical,71,urban,storm,Critical
Food,77,urban,rain,High
Water,269,urban,storm,Critical
Shelter,190,rural,rain,Critical
Rescue,295,urban,rain,Critical
Shelter,20,urban,heatwave,Low
Rescue,134,rural,heatwave,High
Shelter,113,rural,heatwave,High
Medical,235,urban,rain,Critical
Water,71,urban,heatwave,High
Food,50,rural,storm,Critical
Food,99,urban,heatwave,High
Water,282,rural,clear,Critical
Shelter,202,urban,clear,Critical
Logistics,288,urban,rain,Critical
Rescue,219,rural,storm,Critical
Rescue,273,urban,storm,Critical
Shelter,232,urban,storm,Critical
Water,238,urban,clear,Critical
Medical,263,urban,storm,Critical
Water,6,urban,rain,Low
Food,97,urban,rain,High
Food,50,rural,rain,Medium
Food,278,rural,storm,Critical
Logistics,103,rural,heatwave,High
Logistics,22,rural,clear,Low
Medical,74,rural,rain,High
Logistics,132,rural,heatwave,High
Logistics,51,urban,clear,Medium
Medical,170,urban,rain,Critical
Rescue,195,urban,storm,Critical
Water,94,urban,heatwave,High
Medical,210,rural,rain,Critical
Medical,123,rural,rain,High
Medical,220,urban,rain,Critical
Water,210,rural,storm,Critical
Water,41,urban,heatwave,Medium
Logistics,160,urban,storm,Critical
Water,96,urban,storm,Critical
Rescue,188,urban,storm,Critical
Food,218,urban,storm,Critical
Water,37,rural,clear,Low
Medical,221,rural,heatwave,Critical
Logistics,113,rural,rain,High
Shelter,273,rural,clear,Critical
Food,280,rural,clear,Critical
Food,269,urban,storm,Critical
Medical,209,rural,clear,Critical
Logistics,142,rural,storm,Critical
Food,97,urban,rain,High
Logistics,190,urban,heatwave,Critical
Medical,170,rural,clear,Critical
Medical,163,rural,rain,Critical
Rescue,176,urban,heatwave,Critical
Water,176,rural,storm,Critical
Water,199,rural,rain,Critical
Water,167,rural,storm,Critical
Food,298,urban,storm,Critical
Medical,6,rural,storm,Critical
Medical,147,urban,storm,Critical
Shelter,271,rural,heatwave,Critical
Medical,210,rural,storm,Critical
Medical,247,urban,rain,Critical
Water,104,urban,heatwave,High
Shelter,95,rural,heatwave,High
Water,189,urban,storm,Critical
Logistics,150,urban,clear,High
Logistics,174,rural,heatwave,Critical
Shelter,18,rural,storm,Critical
Rescue,287,rural,clear,Critical
Water,91,urban,heatwave,High
Water,284,rural,rain,Critical
Rescue,287,rural,storm,Critical
Rescue,187,rural,heatwave,Critical
Shelter,52,urban,clear,Medium
Medical,126,rural,rain,High
Rescue,207,rural,storm,Critical
Food,40,rural,heatwave,Low
Water,151,urban,clear,Critical
Shelter,250,urban,storm,Critical
Medical,138,rural,storm,Critical
Logistics,181,rural,rain,Critical
Medical,8,urban,clear,Low
Food,225,urban,heatwave,Critical
Medical,83,rural,rain,High
Logistics,103,rural,clear,High
Logistics,219,rural,storm,Critical
Logistics,48,rural,heatwave,Medium
Rescue,194,rural,rain,Critical
Shelter,248,rural,storm,Critical
Logistics,219,rural,heatwave,Critical
Rescue,253,rural,heatwave,Critical
Logistics,87,urban,storm,Critical
Logistics,176,urban,storm,Critical
Food,265,rural,rain,Critical
Water,246,urban,heatwave,Critical
Water,268,rural,rain,Critical
Water,82,urban,heatwave,High
Shelter,249,rural,storm,Critical
Food,216,rural,clear,Critical
Rescue,134,urban,rain,High
Logistics,129,rural,clear,High
Logistics,147,urban,heatwave,High
Food,129,rural,rain,High
Water,55,rural,clear,Medium
Rescue,49,urban,heatwave,Medium
Water,257,rural,clear,Critical
Medical,160,urban,rain,Critical
Food,63,rural,heatwave,Medium
Water,83,rural,rain,High
Logistics,206,urban,storm,Critical
Water,108,urban,rain,High
Logistics,54,rural,storm,Critical
Water,53,rural,storm,Critical
Food,44,urban,clear,Medium
Shelter,30,urban,heatwave,Low
Rescue,216,urban,storm,Critical
Medical,187,rural,storm,Critical
Rescue,227,rural,storm,Critical
Rescue,14,urban,storm,Critical
Rescue,57,rural,storm,Critical
Logistics,257,rural,rain,Critical
Rescue,17,rural,clear,Low
Medical,201,urban,heatwave,Critical
Logistics,49,urban,clear,Medium
Food,274,rural,rain,Critical
Water,53,urban,rain,Medium
Water,120,rural,heatwave,High
Logistics,218,urban,heatwave,Critical
Rescue,93,urban,heatwave,High
Shelter,126,urban,storm,Critical
Water,266,urban,clear,Critical
Shelter,146,rural,rain,High
Shelter,118,urban,clear,High
Logistics,260,rural,rain,Critical
Water,70,rural,storm,Critical
Rescue,134,rural,clear,High
Logistics,62,rural,storm,Critical
Logistics,220,rural,heatwave,Critical
Rescue,5,urban,clear,Low
Rescue,276,urban,storm,Critical
Rescue,260,urban,storm,Critical
Medical,123,urban,storm,Critical
Logistics,131,urban,heatwave,High
Rescue,28,rural,clear,Low
Water,77,rural,heatwave,High
Logistics,152,urban,clear,Critical
Water,20,rural,heatwave,Low
Food,277,urban,clear,Critical
Water,80,urban,clear,High
Logistics,264,urban,rain,Critical
Shelter,156,rural,storm,Critical
Logistics,90,rural,storm,Critical
Shelter,225,rural,heatwave,Critical
Rescue,126,rural,rain,High
Medical,242,urban,heatwave,Critical
Water,95,rural,storm,Critical
Rescue,150,rural,storm,Critical
Medical,19,rural,rain,Low
Logistics,280,rural,clear,Critical
Medical,293,urban,storm,Critical
Medical,237,rural,heatwave,Critical
Medical,64,rural,clear,Medium
Shelter,248,urban,storm,Critical
Logistics,254,rural,storm,Critical
Logistics,34,urban,clear,Low
Water,127,rural,clear,High
Logistics,173,urban,heatwave,Critical
Logistics,282,urban,rain,Critical
Logistics,94,rural,rain,High
Rescue,38,rural,clear,Low
Shelter,251,urban,storm,Critical
Water,127,urban,rain,High
Logistics,193,urban,storm,Critical
Rescue,182,rural,heatwave,Critical
Rescue,50,urban,heatwave,Medium
Food,66,rural,rain,Medium
Rescue,62,urban,heatwave,Medium
Rescue,76,rural,heatwave,High
Food,160,urban,heatwave,Critical
Shelter,38,urban,rain,Low
Logistics,300,urban,rain,Critical
Medical,273,urban,heatwave,Critical
Medical,10,rural,clear,Low
Rescue,100,rural,rain,High
Rescue,188,urban,storm,Critical
Water,161,urban,storm,Critical
Water,98,urban,clear,High
Shelter,88,urban,rain,High
Water,173,urban,storm,Critical
Water,85,urban,storm,Critical
Water,54,urban,rain,Medium
Water,15,urban,clear,Low
Rescue,8,rural,rain,Low
Food,216,rural,storm,Critical
Logistics,33,urban,rain,Low
Logistics,43,urban,rain,Medium
Shelter,250,urban,heatwave,Critical
Medical,113,rural,storm,Critical
Shelter,66,rural,storm,Critical
Rescue,36,rural,clear,Low
Food,126,urban,clear,High
Food,21,rural,heatwave,Low
Logistics,36,rural,heatwave,Low
Medical,94,urban,rain,High
Shelter,217,urban,rain,Critical
Water,201,rural,clear,Critical
Medical,289,urban,heatwave,Critical
Shelter,141,urban,clear,High
Water,258,urban,clear,Critical
Shelter,151,urban,rain,Critical
Medical,89,urban,rain,High
Logistics,267,rural,clear,Critical
Water,58,rural,rain,Medium
Logistics,105,rural,storm,Critical
Shelter,28,urban,clear,Low
Logistics,300,urban,heatwave,Critical
Water,190,urban,heatwave,Critical
Water,46,urban,storm,Critical
Logistics,118,rural,clear,High
Water,168,rural,storm,Critical
Medical,171,urban,storm,Critical
Rescue,92,urban,heatwave,High
Water,112,urban,clear,High
Rescue,80,urban,heatwave,High
Food,250,rural,storm,Critical
Logistics,9,urban,clear,Low
Food,38,rural,heatwave,Low
Food,198,urban,storm,Critical
Food,263,urban,storm,Critical
Medical,233,urban,rain,Critical
Medical,118,urban,clear,High
Medical,267,rural,rain,Critical
Rescue,234,urban,heatwave,Critical
Food,90,urban,heatwave,High
Shelter,285,rural,storm,Critical
Water,20,rural,rain,Low
Logistics,153,urban,heatwave,Critical
Food,57,rural,heatwave,Medium
Rescue,69,urban,rain,Medium
Food,266,urban,rain,Critical
Medical,207,urban,storm,Critical
Shelter,115,rural,storm,Critical
Logistics,111,rural,rain,High
Water,125,urban,clear,High
Logistics,251,rural,clear,Critical
Shelter,151,rural,heatwave,Critical
Logistics,9,urban,rain,Low
Rescue,144,rural,clear,High
Rescue,292,urban,rain,Critical
Water,168,rural,rain,Critical
Logistics,283,urban,clear,Critical
Food,133,rural,heatwave,High
Food,214,rural,rain,Critical
Rescue,231,rural,heatwave,Critical
Medical,6,urban,storm,Critical
Food,7,urban,storm,Critical
Rescue,253,urban,rain,Critical
Food,281,urban,rain,Critical
Water,22,urban,heatwave,Low
Medical,75,rural,heatwave,High
Water,269,rural,heatwave,Critical
Water,39,urban,storm,Critical
Rescue,121,urban,rain,High
Medical,244,rural,storm,Critical
Rescue,244,urban,rain,Critical
Shelter,23,urban,clear,Low
Food,272,rural,heatwave,Critical
Medical,157,rural,rain,Critical
Shelter,71,rural,storm,Critical
Medical,270,rural,clear,Critical
Food,232,urban,clear,Critical
Water,212,rural,storm,Critical
Logistics,108,urban,rain,High
Logistics,257,rural,heatwave,Critical
Medical,272,rural,storm,Critical
Logistics,207,urban,heatwave,Critical
Food,140,rural,heatwave,High
Food,274,urban,heatwave,Critical
Water,50,urban,rain,Medium
Medical,50,rural,storm,Critical
Water,79,rural,storm,Critical
Water,265,urban,heatwave,Critical
Logistics,236,urban,rain,Critical
Rescue,198,urban,heatwave,Critical
Water,136,rural,heatwave,High
Logistics,266,urban,rain,Critical
Rescue,214,urban,storm,Critical
Food,285,rural,storm,Critical
Rescue,235,rural,clear,Critical
Shelter,199,urban,storm,Critical
Shelter,36,rural,heatwave,Low
Water,49,rural,rain,Medium
Rescue,176,rural,storm,Critical
Rescue,86,urban,clear,High
Food,212,rural,rain,Critical
Food,65,urban,storm,Critical
Water,63,urban,clear,Medium
Water,149,urban,storm,Critical
Medical,255,rural,rain,Critical
Logistics,31,urban,storm,Critical
Rescue,293,rural,storm,Critical
Rescue,105,rural,rain,High
Food,207,urban,rain,Critical
Shelter,258,urban,rain,Critical
Food,252,urban,heatwave,Critical
Medical,260,rural,storm,Critical
Food,193,urban,rain,Critical
Food,267,urban,clear,Critical
Logistics,183,urban,heatwave,Critical
Rescue,163,rural,storm,Critical
Logistics,124,rural,clear,High
Logistics,177,urban,clear,Critical
Water,299,urban,rain,Critical
Food,115,rural,clear,High
Logistics,162,urban,rain,Critical
Water,143,rural,heatwave,High
Shelter,201,rural,clear,Critical
Logistics,83,urban,rain,High
Medical,140,rural,rain,High
Medical,292,urban,clear,Critical
Shelter,5,urban,heatwave,Low
Water,216,rural,rain,Critical
Water,91,urban,storm,Critical
Water,8,urban,rain,Low
Medical,135,rural,heatwave,High
Medical,124,rural,storm,Critical
Water,94,urban,heatwave,High
Water,260,rural,storm,Critical
Food,217,urban,heatwave,Critical
Rescue,177,rural,rain,Critical
Food,180,urban,rain,Critical
Medical,16,urban,clear,Low
Logistics,232,urban,heatwave,Critical
Shelter,274,urban,clear,Critical
Rescue,247,rural,storm,Critical
Medical,218,rural,clear,Critical
Shelter,171,rural,heatwave,Critical
Shelter,99,urban,rain,High
Medical,241,urban,storm,Critical
Medical,236,rural,clear,Critical
Food,274,urban,storm,Critical
Rescue,113,rural,heatwave,High
Food,136,urban,heatwave,High
Rescue,75,rural,clear,High
Medical,118,urban,rain,High
Shelter,116,rural,rain,High
Logistics,183,rural,heatwave,Critical
Shelter,217,rural,heatwave,Critical
Water,103,urban,clear,High
Rescue,101,urban,heatwave,High
Shelter,5,rural,storm,Critical
Water,164,rural,rain,Critical
Logistics,176,rural,rain,Critical
Water,139,rural,rain,High
Food,57,rural,clear,Medium
Medical,198,rural,rain,Critical
Food,115,rural,rain,High
Shelter,263,urban,heatwave,Critical
Medical,231,rural,rain,Critical
Water,224,rural,heatwave,Critical
Medical,121,rural,rain,High
Medical,132,urban,heatwave,High
Rescue,192,urban,rain,Critical
Food,238,urban,rain,Critical
Shelter,219,rural,rain,Critical
Medical,202,urban,heatwave,Critical
Rescue,147,urban,clear,High
Logistics,272,urban,rain,Critical
Food,97,rural,heatwave,High
Food,271,rural,rain,Critical
Rescue,165,rural,storm,Critical
Rescue,262,urban,rain,Critical
Logistics,265,urban,clear,Critical
Rescue,192,urban,heatwave,Critical
Medical,215,urban,heatwave,Critical
Medical,103,urban,storm,Critical
Water,148,rural,clear,High
Rescue,205,urban,heatwave,Critical
Shelter,31,rural,heatwave,Low
Water,49,urban,rain,Medium
Logistics,194,urban,heatwave,Critical
Medical,80,rural,clear,High
Rescue,12,urban,clear,Low
Water,26,urban,clear,Low
Rescue,190,rural,clear,Critical
Food,20,urban,heatwave,Low
Water,246,urban,storm,Critical
Medical,234,urban,rain,Critical
Rescue,79,urban,clear,High
Water,115,rural,clear,High
Rescue,126,urban,heatwave,High
Medical,235,urban,storm,Critical
Water,167,urban,clear,Critical
Medical,57,urban,storm,Critical
Food,184,rural,rain,Critical
Food,106,urban,storm,Critical
Shelter,181,urban,heatwave,Critical
Medical,57,rural,rain,Medium
Logistics,139,rural,rain,High
Shelter,16,urban,heatwave,Low
Rescue,192,urban,heatwave,Critical
Rescue,102,rural,clear,High
Rescue,287,urban,clear,Critical
Shelter,180,urban,clear,Critical
Food,64,urban,heatwave,Medium
Food,12,urban,storm,Critical
Rescue,75,rural,clear,High
Logistics,118,urban,heatwave,High
Logistics,181,rural,storm,Critical
Water,84,urban,heatwave,High
Water,287,rural,storm,Critical
Logistics,241,rural,clear,Critical
Shelter,292,rural,storm,Critical
Water,284,rural,heatwave,Critical
Rescue,291,urban,storm,Critical
Food,94,rural,clear,High
Medical,115,rural,rain,High
Shelter,292,rural,clear,Critical
Water,268,urban,clear,Critical
Medical,74,urban,clear,High
Shelter,16,urban,clear,Low
Logistics,66,rural,heatwave,Medium
Food,143,rural,heatwave,High
Rescue,186,urban,heatwave,Critical
Rescue,256,rural,clear,Critical
Medical,137,rural,clear,High
Medical,225,urban,clear,Critical
Food,186,rural,heatwave,Critical
Logistics,259,urban,storm,Critical
Food,113,urban,heatwave,High
Rescue,276,rural,heatwave,Critical
Water,241,rural,heatwave,Critical
Water,104,urban,storm,Critical
Shelter,288,urban,storm,Critical
Shelter,277,urban,rain,Critical
Medical,191,rural,rain,Critical
Logistics,199,rural,heatwave,Critical
Food,11,urban,clear,Low
Water,158,urban,rain,Critical
Medical,167,urban,clear,Critical
Food,176,urban,storm,Critical
Medical,228,urban,heatwave,Critical
Logistics,108,urban,heatwave,High
Rescue,139,rural,heatwave,High
Rescue,29,rural,storm,Critical
Water,189,urban,clear,Critical
Water,31,urban,heatwave,Low
Shelter,192,rural,clear,Critical
Medical,155,urban,clear,Critical
Rescue,260,urban,storm,Critical
Shelter,281,urban,storm,Critical
Logistics,194,rural,clear,Critical
Medical,156,urban,clear,Critical
Water,170,urban,storm,Critical
Shelter,61,rural,clear,Medium
Rescue,251,rural,heatwave,Critical
Rescue,122,urban,storm,Critical
Water,129,urban,clear,High
Water,257,urban,rain,Critical
Food,22,urban,heatwave,Low
Food,24,urban,heatwave,Low
Logistics,277,rural,heatwave,Critical
Shelter,103,rural,rain,High
Water,260,rural,storm,Critical
Water,157,rural,storm,Critical
Food,101,urban,heatwave,High
Water,136,rural,rain,High
Medical,88,rural,rain,High
Logistics,248,urban,clear,Critical
Logistics,204,urban,rain,Critical
Water,232,rural,storm,Critical
Medical,8,urban,rain,Low
Water,56,rural,clear,Medium
Food,105,rural,heatwave,High
Medical,130,urban,rain,High
Rescue,65,urban,heatwave,Medium
Shelter,65,rural,heatwave,Medium
Food,296,rural,storm,Critical
Shelter,151,rural,clear,Critical
Rescue,51,urban,heatwave,Medium
Water,76,urban,clear,High
Logistics,182,urban,rain,Critical
Medical,240,rural,rain,Critical
Food,154,urban,rain,Critical
Water,264,rural,storm,Critical
Water,174,rural,heatwave,Critical
Logistics,156,rural,storm,Critical
Logistics,217,urban,heatwave,Critical
Rescue,220,rural,rain,Critical
Food,187,rural,rain,Critical
Logistics,202,rural,rain,Critical
Water,212,urban,clear,Critical
Shelter,23,rural,storm,Critical
Food,83,rural,storm,Critical
Rescue,260,urban,storm,Critical
Water,9,urban,rain,Low
Rescue,220,urban,storm,Critical
Rescue,66,rural,storm,Critical
Medical,258,rural,storm,Critical
Water,183,urban,heatwave,Critical
Water,250,rural,storm,Critical
Shelter,79,rural,storm,Critical
Rescue,45,rural,rain,Medium
Medical,189,rural,rain,Critical
Rescue,89,rural,heatwave,High
Shelter,199,rural,heatwave,Critical
Shelter,237,urban,clear,Critical
Shelter,99,urban,storm,Critical
Water,276,rural,storm,Critical
Shelter,179,rural,heatwave,Critical
Logistics,190,urban,storm,Critical
Logistics,285,rural,rain,Critical
Shelter,100,rural,heatwave,High
Water,279,rural,clear,Critical
Rescue,40,urban,clear,Low
Water,217,rural,clear,Critical
Shelter,255,urban,clear,Critical
Food,143,rural,storm,Critical
Medical,274,rural,rain,Critical
Food,262,urban,rain,Critical
Water,173,rural,storm,Critical
Water,242,urban,rain,Critical
Logistics,58,rural,storm,Critical
Logistics,34,rural,storm,Critical
Water,221,urban,storm,Critical
Medical,206,urban,storm,Critical
Water,17,rural,rain,Low
Water,277,rural,rain,Critical
Medical,216,urban,storm,Critical
Water,85,rural,clear,High
Shelter,262,rural,clear,Critical
Food,279,rural,storm,Critical
Rescue,244,urban,rain,Critical
Medical,10,rural,heatwave,Low
Logistics,161,urban,storm,Critical
Water,234,urban,heatwave,Critical
Food,143,urban,heatwave,High
Rescue,53,urban,storm,Critical
Food,73,rural,clear,High
Food,129,urban,rain,High
Shelter,76,urban,clear,High
Food,71,urban,storm,Critical
Water,227,rural,storm,Critical
Logistics,168,rural,rain,Critical
Water,128,urban,clear,High
Food,221,rural,rain,Critical
Medical,39,urban,storm,Critical
Rescue,222,urban,rain,Critical
Water,47,rural,rain,Medium
Food,119,urban,rain,High
Rescue,121,urban,heatwave,High
Logistics,146,urban,heatwave,High
Logistics,102,urban,storm,Critical
Shelter,160,urban,clear,Critical
Food,20,urban,heatwave,Low
Medical,186,urban,heatwave,Critical
Shelter,54,urban,heatwave,Medium
Logistics,82,urban,rain,High
Food,75,rural,clear,High
Rescue,151,urban,rain,Critical
Logistics,35,urban,rain,Low
Shelter,158,urban,heatwave,Critical
Medical,106,urban,clear,High
Rescue,243,urban,rain,Critical
Rescue,242,rural,rain,Critical
Food,214,rural,heatwave,Critical
Shelter,264,rural,heatwave,Critical
Water,258,urban,storm,Critical
Rescue,181,urban,heatwave,Critical
Medical,13,rural,clear,Low
Water,20,urban,clear,Low
Food,65,urban,rain,Medium
Rescue,291,urban,heatwave,Critical
Food,299,rural,storm,Critical
Medical,246,rural,heatwave,Critical
Rescue,64,urban,rain,Medium
Medical,74,urban,heatwave,High
Medical,86,rural,heatwave,High
Logistics,211,rural,heatwave,Critical
Water,292,urban,heatwave,Critical
Food,145,urban,storm,Critical
